creationTimestamp,modificationTimestamp,applicationId,caseReference
2018-03-15T12:51:20.882Z,2018-03-15T12:51:20.882Z,33,105701
2018-03-14T11:30:27.348Z,2018-03-14T11:30:27.348Z,33,105311
2018-01-23T12:50:35.009Z,2018-03-14T11:26:38.509Z,33,88001
2018-01-04T13:53:11.592Z,2018-03-14T11:26:00.524Z,33,81911
2018-03-14T11:24:13.635Z,2018-03-14T11:24:13.635Z,33,105301
2018-03-14T11:18:50.103Z,2018-03-14T11:18:50.103Z,33,105291
2017-12-14T11:52:00.171Z,2018-03-14T10:51:04.299Z,33,76301
2018-03-14T10:48:43.197Z,2018-03-14T10:48:43.197Z,33,105281
2018-03-14T10:43:09.296Z,2018-03-14T10:43:09.296Z,33,105271
2018-03-14T10:41:03.837Z,2018-03-14T10:41:03.837Z,33,105251
2018-03-13T13:55:05.223Z,2018-03-13T13:55:05.223Z,33,105071
2018-02-12T08:31:59.340Z,2018-03-13T10:47:57.225Z,33,92461
2018-02-12T08:55:40.310Z,2018-03-13T10:45:48.090Z,33,92491
2018-03-13T10:04:59.663Z,2018-03-13T10:04:59.663Z,33,105041
2018-03-13T10:03:03.762Z,2018-03-13T10:03:21.677Z,33,105031
2018-02-12T08:41:57.003Z,2018-03-13T09:33:29.686Z,33,92471
2018-03-13T09:12:13.151Z,2018-03-13T09:12:13.151Z,33,105021
2018-02-12T10:08:20.041Z,2018-03-13T09:07:05.647Z,33,92611
2018-03-12T10:37:10.243Z,2018-03-12T10:37:10.243Z,33,104871
2018-02-23T16:34:41.235Z,2018-02-23T16:34:41.235Z,33,101971
2018-02-22T14:14:54.060Z,2018-02-22T14:14:54.060Z,33,101841
2018-02-13T01:06:22.138Z,2018-02-13T01:06:22.138Z,33,92751
2018-02-12T10:40:02.937Z,2018-02-12T10:40:02.937Z,33,92691
2018-02-12T10:36:29.125Z,2018-02-12T10:36:29.125Z,33,92681
2018-02-12T10:32:19.757Z,2018-02-12T10:32:19.757Z,33,92671
2018-02-12T10:29:28.657Z,2018-02-12T10:29:28.657Z,33,92661
2018-02-12T10:27:43.041Z,2018-02-12T10:27:43.041Z,33,92651
2018-01-22T10:49:41.035Z,2018-02-12T10:24:42.325Z,33,87551
2018-02-12T10:18:25.032Z,2018-02-12T10:18:25.032Z,33,92641
2018-02-12T10:10:18.971Z,2018-02-12T10:13:38.908Z,33,92621
2018-02-12T10:13:06.198Z,2018-02-12T10:13:06.198Z,33,92631
2018-02-12T10:02:08.583Z,2018-02-12T10:02:08.583Z,33,92601
2018-02-12T10:00:42.258Z,2018-02-12T10:00:42.258Z,33,92591
2018-02-12T09:59:32.061Z,2018-02-12T09:59:32.061Z,33,92581
2018-02-12T09:57:33.645Z,2018-02-12T09:57:33.645Z,33,92571
2018-02-12T09:55:53.533Z,2018-02-12T09:55:53.533Z,33,92561
2018-02-12T09:33:21.794Z,2018-02-12T09:33:21.794Z,33,92551
2018-02-12T09:31:48.810Z,2018-02-12T09:31:48.810Z,33,92541
2018-02-12T09:31:27.703Z,2018-02-12T09:31:27.703Z,33,92531
2018-02-12T09:29:33.992Z,2018-02-12T09:29:33.992Z,33,92521
2018-02-12T09:27:28.259Z,2018-02-12T09:27:28.259Z,33,92511
2017-12-18T08:45:07.495Z,2018-02-12T08:59:23.788Z,33,77351
2018-02-12T08:46:18.382Z,2018-02-12T08:46:18.382Z,33,92481
2018-01-04T17:00:30.759Z,2018-02-12T08:23:08.733Z,33,82031
2018-02-12T08:11:35.151Z,2018-02-12T08:11:35.151Z,33,92451
2018-02-12T08:09:56.229Z,2018-02-12T08:09:56.229Z,33,92441
2018-02-12T08:08:28.502Z,2018-02-12T08:08:28.502Z,33,92431
2018-02-08T14:38:43.136Z,2018-02-08T14:39:28.537Z,33,92071
2018-02-08T14:38:03.367Z,2018-02-08T14:38:03.367Z,33,92061
2018-02-02T09:50:55.259Z,2018-02-02T09:50:55.259Z,33,90841
2018-02-01T14:59:43.584Z,2018-02-01T14:59:43.584Z,33,90611
2018-02-01T14:58:25.462Z,2018-02-01T14:58:25.462Z,33,90601
2018-01-31T16:11:15.578Z,2018-01-31T16:11:15.578Z,33,90301
2018-01-22T10:51:05.674Z,2018-01-22T10:51:05.674Z,33,87561
2018-01-18T09:48:06.498Z,2018-01-18T09:48:06.498Z,33,86581
2018-01-16T17:52:49.120Z,2018-01-16T17:52:49.120Z,33,85961
2018-01-16T17:29:53.372Z,2018-01-16T17:29:53.372Z,33,85951
2018-01-16T16:19:47.195Z,2018-01-16T16:19:47.195Z,33,85931
2018-01-16T16:19:24.196Z,2018-01-16T16:19:24.196Z,33,85921
2018-01-16T16:08:05.284Z,2018-01-16T16:08:05.284Z,33,85901
2018-01-15T09:39:18.655Z,2018-01-15T09:39:18.655Z,33,85441
2018-01-10T17:13:56.847Z,2018-01-10T17:13:56.847Z,33,84001
2018-01-10T17:13:35.005Z,2018-01-10T17:13:35.005Z,33,83991
2018-01-09T15:15:49.404Z,2018-01-09T15:15:49.404Z,33,83291
2018-01-09T15:11:55.757Z,2018-01-09T15:11:55.757Z,33,83281
2017-12-18T11:40:18.985Z,2018-01-08T09:58:35.101Z,33,77391
2018-01-08T09:55:20.635Z,2018-01-08T09:55:20.635Z,33,82951
2018-01-04T13:55:56.344Z,2018-01-04T20:34:22.252Z,33,81921
2018-01-04T17:22:28.662Z,2018-01-04T17:22:28.662Z,33,82061
2018-01-04T16:57:33.261Z,2018-01-04T17:05:58.169Z,33,82021
2018-01-04T17:02:44.740Z,2018-01-04T17:04:18.239Z,33,82041
2018-01-04T15:22:08.183Z,2018-01-04T15:22:08.183Z,33,82001
2018-01-04T15:21:57.851Z,2018-01-04T15:21:57.851Z,33,81991
2018-01-04T15:20:23.663Z,2018-01-04T15:20:23.663Z,33,81981
2018-01-04T15:18:42.581Z,2018-01-04T15:18:42.581Z,33,81971
2018-01-04T15:17:46.133Z,2018-01-04T15:17:46.133Z,33,81961
2018-01-04T15:14:18.871Z,2018-01-04T15:14:18.871Z,33,81951
2017-12-15T17:11:18.596Z,2017-12-18T08:56:55.141Z,33,76711
2017-12-14T11:47:31.176Z,2017-12-18T08:55:44.309Z,33,76291
2017-12-14T11:42:45.217Z,2017-12-18T08:47:33.209Z,33,76281
2017-12-15T15:25:56.265Z,2017-12-15T15:25:56.265Z,33,76681
2017-12-15T15:22:06.513Z,2017-12-15T15:22:06.513Z,33,76671
2017-12-14T11:37:43.852Z,2017-12-14T11:37:43.852Z,33,76271
2017-12-14T09:26:55.005Z,2017-12-14T09:26:55.005Z,33,76231
2017-12-14T09:23:47.623Z,2017-12-14T09:23:47.623Z,33,76221
2017-12-14T09:21:23.374Z,2017-12-14T09:21:23.374Z,33,76211
2017-12-14T09:20:47.012Z,2017-12-14T09:20:47.012Z,33,76201
2017-12-14T09:19:59.623Z,2017-12-14T09:19:59.623Z,33,76191
2017-12-11T08:54:33.052Z,2017-12-11T08:54:33.052Z,33,75011
2018-03-28T09:44:40.968Z,2018-03-28T09:44:40.968Z,51,109691
2017-12-13T17:00:02.646Z,2017-12-13T17:00:02.646Z,51,75951
2017-06-02T12:25:32.561Z,2017-06-02T12:27:56.116Z,62,1541
2017-10-19T12:31:18.152Z,2017-10-19T12:31:18.152Z,193,47841
2017-09-19T14:37:09.726Z,2017-09-19T14:37:09.726Z,193,36201
2017-09-14T15:06:49.971Z,2017-09-14T15:06:49.971Z,193,34341
2017-09-14T15:03:56.126Z,2017-09-14T15:03:56.126Z,193,34331
2017-09-14T14:56:33.255Z,2017-09-14T14:56:33.255Z,193,33931
2017-09-14T14:56:08.956Z,2017-09-14T14:56:08.956Z,193,34321
2017-09-14T14:53:38.512Z,2017-09-14T14:53:38.512Z,193,33921
2017-09-14T14:34:41.264Z,2017-09-14T14:34:41.264Z,193,34301
2017-09-14T14:34:31.421Z,2017-09-14T14:34:31.421Z,193,34291
2017-09-14T14:34:18.179Z,2017-09-14T14:34:18.179Z,193,33911
2017-09-14T14:32:15.214Z,2017-09-14T14:32:15.214Z,193,34281
2017-09-14T14:31:36.001Z,2017-09-14T14:31:36.001Z,193,34271
2017-09-14T09:26:46.452Z,2017-09-14T09:26:46.452Z,193,34221
2017-09-13T14:10:40.582Z,2017-09-13T14:10:40.582Z,193,33731
2017-09-13T09:38:18.417Z,2017-09-13T09:38:18.417Z,193,33001
2017-09-13T09:30:46.192Z,2017-09-13T09:30:46.192Z,193,33671
2017-09-13T09:27:38.927Z,2017-09-13T09:27:38.927Z,193,33661
2017-09-13T09:27:13.170Z,2017-09-13T09:27:13.170Z,193,32981
2017-09-11T14:35:38.763Z,2017-09-11T14:35:38.763Z,193,31961
2017-09-11T14:34:51.872Z,2017-09-11T14:34:51.872Z,193,31951
2017-09-11T14:32:40.601Z,2017-09-11T14:32:40.601Z,193,31941
2017-09-11T14:31:47.986Z,2017-09-11T14:31:47.986Z,193,31931
2017-09-11T14:28:54.468Z,2017-09-11T14:29:47.572Z,193,31921
2017-09-11T14:28:30.624Z,2017-09-11T14:28:30.624Z,193,31911
2017-09-11T14:28:21.313Z,2017-09-11T14:28:21.313Z,193,32501
2017-09-11T14:05:20.991Z,2017-09-11T14:05:20.991Z,193,32481
2017-09-11T13:52:57.779Z,2017-09-11T13:52:57.779Z,193,32471
2017-09-11T13:35:01.723Z,2017-09-11T13:35:01.723Z,193,32461
2017-09-11T13:30:42.198Z,2017-09-11T13:30:42.198Z,193,31901
2017-09-11T13:26:12.915Z,2017-09-11T13:26:12.915Z,193,31891
2017-09-11T13:18:59.705Z,2017-09-11T13:18:59.705Z,193,32451
2017-09-11T13:18:24.838Z,2017-09-11T13:18:24.838Z,193,32441
2017-09-11T13:16:42.648Z,2017-09-11T13:16:42.648Z,193,31881
2017-09-11T13:13:58.085Z,2017-09-11T13:13:58.085Z,193,32431
2017-09-11T13:06:05.171Z,2017-09-11T13:06:05.171Z,193,32421
2017-09-11T12:53:31.120Z,2017-09-11T12:53:31.120Z,193,32411
2017-09-11T12:13:22.905Z,2017-09-11T12:13:22.905Z,193,32401
2017-09-11T12:08:06.764Z,2017-09-11T12:08:06.764Z,193,32391
2017-09-11T12:02:08.201Z,2017-09-11T12:02:08.201Z,193,32381
2017-09-11T11:59:52.945Z,2017-09-11T11:59:52.945Z,193,32371
2017-09-11T11:54:55.087Z,2017-09-11T11:54:55.087Z,193,31851
2017-09-11T11:52:25.830Z,2017-09-11T11:52:25.830Z,193,31841
2017-09-11T11:44:45.711Z,2017-09-11T11:44:45.711Z,193,31831
2017-09-11T11:43:17.847Z,2017-09-11T11:43:17.847Z,193,32361
2017-09-11T11:42:58.592Z,2017-09-11T11:42:58.592Z,193,31821
2017-09-11T10:52:14.989Z,2017-09-11T10:52:14.989Z,193,31811
2017-09-11T10:51:50.724Z,2017-09-11T10:51:50.724Z,193,31801
2017-09-11T10:50:48.719Z,2017-09-11T10:50:48.719Z,193,32341
2017-09-11T10:47:45.605Z,2017-09-11T10:47:45.605Z,193,32331
2017-09-11T10:41:43.325Z,2017-09-11T10:41:43.325Z,193,31791
2017-09-11T10:38:48.627Z,2017-09-11T10:38:48.627Z,193,32321
2017-09-11T10:35:18.306Z,2017-09-11T10:35:18.306Z,193,32311
2017-09-11T10:32:08.963Z,2017-09-11T10:32:08.963Z,193,32301
2017-09-11T10:30:35.428Z,2017-09-11T10:30:35.428Z,193,32291
2017-09-11T10:29:00.494Z,2017-09-11T10:29:00.494Z,193,32281
2017-09-11T10:27:50.271Z,2017-09-11T10:27:50.271Z,193,31781
2017-09-11T10:27:05.088Z,2017-09-11T10:27:05.088Z,193,31771
2017-09-11T10:25:48.240Z,2017-09-11T10:25:48.240Z,193,32251
2017-09-11T10:24:02.028Z,2017-09-11T10:24:02.028Z,193,32241
2017-09-11T10:22:33.372Z,2017-09-11T10:22:33.372Z,193,32231
2017-09-11T10:21:44.042Z,2017-09-11T10:21:44.042Z,193,32221
2017-09-11T10:19:53.309Z,2017-09-11T10:19:53.309Z,193,31761
2017-09-11T10:18:21.832Z,2017-09-11T10:18:21.832Z,193,32211
2017-09-11T10:17:40.172Z,2017-09-11T10:17:40.172Z,193,32201
2017-09-11T10:16:55.045Z,2017-09-11T10:16:55.045Z,193,31751
2017-09-11T10:15:05.213Z,2017-09-11T10:15:05.213Z,193,32191
2017-09-11T10:00:11.218Z,2017-09-11T10:00:11.218Z,193,32171
2017-09-11T09:59:45.254Z,2017-09-11T09:59:45.254Z,193,31741
2017-09-11T09:58:07.713Z,2017-09-11T09:58:07.713Z,193,32161
2017-09-11T09:51:12.625Z,2017-09-11T09:51:12.625Z,193,32141
2017-09-11T09:44:47.858Z,2017-09-11T09:44:47.858Z,193,31731
2017-09-11T09:34:48.136Z,2017-09-11T09:34:48.136Z,193,32131
2017-09-11T09:27:23.417Z,2017-09-11T09:27:23.417Z,193,32121
2017-09-11T08:14:48.880Z,2017-09-11T08:14:48.880Z,193,31671
2017-09-11T07:52:49.340Z,2017-09-11T07:52:49.340Z,193,32081
2017-07-06T10:26:06.677Z,2017-08-22T15:10:17.438Z,193,11811
2017-08-03T15:25:36.965Z,2017-08-03T15:25:36.965Z,193,22221
2017-08-03T15:02:32.554Z,2017-08-03T15:02:32.554Z,193,21731
2017-08-02T14:53:52.588Z,2017-08-02T14:53:52.588Z,193,22061
2017-07-06T15:20:01.614Z,2017-07-06T15:20:01.614Z,193,11841
2017-07-04T08:51:41.403Z,2017-07-04T08:53:34.054Z,193,10881
2017-07-04T07:06:45.358Z,2017-07-04T07:48:36.285Z,193,10401
2017-07-03T09:53:28.743Z,2017-07-03T09:53:28.743Z,193,10261
2017-06-30T09:57:12.046Z,2017-06-30T10:10:05.778Z,193,9771
2017-06-20T15:02:38.177Z,2017-06-20T15:02:38.177Z,193,5691
2017-06-29T06:44:46.388Z,2017-07-21T05:48:29.207Z,212,8991
2018-02-21T10:18:58.563Z,2018-02-21T10:18:58.563Z,332,101461
2018-02-21T10:11:58.464Z,2018-02-21T10:11:58.464Z,332,101441
2018-02-21T10:09:56.024Z,2018-02-21T10:09:56.024Z,332,101431
2018-02-21T10:03:03.247Z,2018-02-21T10:03:03.247Z,332,101421
2018-02-20T11:41:03.425Z,2018-02-20T11:41:17.729Z,332,101241
2018-02-19T15:44:40.621Z,2018-02-19T15:54:28.224Z,332,101131
2017-11-21T15:11:04.881Z,2018-02-19T15:38:56.864Z,332,67391
2017-11-21T15:05:08.950Z,2017-11-21T15:05:08.950Z,332,67361
2017-10-20T15:09:35.505Z,2017-10-20T15:09:35.505Z,332,48391
2017-10-19T15:54:59.016Z,2017-10-19T15:54:59.016Z,332,47941
2017-10-19T15:52:39.710Z,2017-10-19T15:52:39.710Z,332,47931
2017-10-19T10:13:33.225Z,2017-10-19T10:14:11.989Z,332,47771
2017-10-19T09:56:50.214Z,2017-10-19T09:57:29.794Z,332,48141
2017-10-19T09:55:37.805Z,2017-10-19T09:55:37.805Z,332,47761
2017-10-19T09:43:14.519Z,2017-10-19T09:43:14.519Z,332,47741
2017-10-19T09:36:06.810Z,2017-10-19T09:39:48.408Z,332,47731
2017-10-19T09:25:40.026Z,2017-10-19T09:35:14.184Z,332,47721
2017-08-24T13:52:08.212Z,2017-08-24T13:52:45.792Z,463,27051
2017-08-24T13:51:27.503Z,2017-08-24T13:52:33.477Z,463,27041
2017-08-24T13:51:13.045Z,2017-08-24T13:52:19.077Z,463,27031
2017-10-19T21:09:09.476Z,2017-10-19T21:10:05.782Z,473,48281
2017-08-28T16:05:56.977Z,2017-09-01T10:35:53.441Z,473,27631
2017-09-01T07:15:27.999Z,2017-09-01T07:15:45.640Z,473,29211
2017-08-28T15:47:01.584Z,2017-08-28T15:49:19.367Z,473,28081
2018-04-02T11:48:17.423Z,2018-04-02T11:48:17.423Z,561,110211
2018-03-21T13:48:07.324Z,2018-03-21T13:48:07.324Z,561,107801
2018-03-19T11:25:17.962Z,2018-03-19T11:25:17.962Z,561,107031
2018-03-14T14:16:55.336Z,2018-03-14T14:16:55.336Z,561,105371
2018-03-14T14:16:43.490Z,2018-03-14T14:16:43.490Z,561,105361
2018-03-14T14:16:31.354Z,2018-03-14T14:16:31.354Z,561,105351
2018-03-14T14:16:22.323Z,2018-03-14T14:16:22.323Z,561,105341
2018-03-07T16:12:39.562Z,2018-03-07T16:12:39.562Z,561,103181
2018-02-28T20:38:17.124Z,2018-02-28T20:38:17.124Z,561,102551
2018-02-28T17:19:03.777Z,2018-02-28T19:48:09.746Z,561,102481
2018-02-28T17:19:27.200Z,2018-02-28T17:19:27.200Z,561,102501
2018-02-28T17:19:22.344Z,2018-02-28T17:19:22.344Z,561,102491
2018-02-28T17:18:51.249Z,2018-02-28T17:18:51.249Z,561,102471
2018-02-28T17:18:39.960Z,2018-02-28T17:18:39.960Z,561,102461
2018-02-28T17:18:29.864Z,2018-02-28T17:18:29.864Z,561,102451
2018-02-28T17:13:04.743Z,2018-02-28T17:13:04.743Z,561,102441
2018-02-26T13:16:30.949Z,2018-02-27T13:47:51.104Z,561,102211
2018-02-27T13:28:11.360Z,2018-02-27T13:44:56.493Z,561,102331
2018-02-26T19:15:26.626Z,2018-02-27T13:32:33.834Z,561,102251
2018-02-09T10:20:48.804Z,2018-02-09T10:22:34.558Z,561,92161
2018-01-02T14:53:26.987Z,2018-01-03T19:07:11.383Z,561,81081
2018-01-02T14:53:15.416Z,2018-01-02T17:29:27.842Z,561,81071
2018-01-02T14:53:05.808Z,2018-01-02T17:20:35.708Z,561,81061
2018-01-02T14:54:02.897Z,2018-01-02T17:07:17.695Z,561,81111
2018-01-02T14:53:57.503Z,2018-01-02T16:54:08.442Z,561,81101
2018-01-02T14:53:39.214Z,2018-01-02T16:52:57.895Z,561,81091
2017-11-01T12:23:54.994Z,2017-11-01T12:24:34.135Z,704,52251
2017-11-16T13:29:51.924Z,2017-11-16T13:29:51.924Z,721,65271
2017-12-06T12:28:08.511Z,2018-01-25T12:02:05.537Z,740,73471
2017-11-28T19:15:46.442Z,2017-12-06T11:00:42.640Z,740,71291
2017-12-05T17:41:20.486Z,2017-12-06T10:59:18.302Z,740,73251
2017-11-28T17:47:03.839Z,2017-12-05T15:34:51.869Z,740,71261
2017-11-27T16:36:52.841Z,2017-11-29T12:57:05.482Z,740,70501
2017-11-28T19:18:49.618Z,2017-11-29T12:56:43.466Z,740,71341
2017-11-28T20:21:48.444Z,2017-11-28T23:03:46.683Z,740,71361
2017-11-28T19:18:14.632Z,2017-11-28T23:03:26.673Z,740,71331
2017-11-28T17:13:27.745Z,2017-11-28T23:03:05.793Z,740,71171
2017-11-28T19:17:08.922Z,2017-11-28T23:02:40.245Z,740,71311
2017-11-28T19:16:25.717Z,2017-11-28T23:02:15.590Z,740,71301
2017-11-28T19:17:42.438Z,2017-11-28T19:17:43.357Z,740,71321
2017-11-28T15:54:19.678Z,2017-11-28T15:58:21.278Z,740,71131
2017-11-24T13:04:58.711Z,2017-11-24T13:05:05.209Z,740,69471
2017-11-22T15:11:41.744Z,2017-11-22T15:11:41.744Z,755,68081
2017-11-22T14:41:10.892Z,2017-11-22T14:45:11.790Z,755,67981
2017-11-15T09:49:44.742Z,2017-11-20T17:34:41.788Z,755,64231
2017-11-15T21:37:07.124Z,2017-11-15T21:37:41.553Z,755,64801
2017-11-15T21:22:17.400Z,2017-11-15T21:28:27.871Z,755,64791
2017-11-24T10:09:18.285Z,2017-11-24T10:09:18.855Z,769,69431
2017-11-24T10:08:32.061Z,2017-11-24T10:08:33.713Z,769,69421
2018-01-26T11:35:11.796Z,2018-01-26T11:36:19.713Z,931,88921
2018-01-26T07:58:01.411Z,2018-01-26T07:58:01.411Z,931,88861
2018-01-05T14:21:34.801Z,2018-01-05T14:21:54.823Z,931,82281
2018-01-03T21:13:20.261Z,2018-01-03T21:13:20.261Z,931,81741
2018-01-03T21:13:19.872Z,2018-01-03T21:13:19.872Z,931,81731
2018-01-03T21:03:30.131Z,2018-01-03T21:03:30.131Z,931,81711
2018-01-03T21:02:15.210Z,2018-01-03T21:02:15.210Z,931,81701
2018-01-03T21:00:26.209Z,2018-01-03T21:00:26.209Z,931,81691
2018-01-03T20:57:05.608Z,2018-01-03T20:57:05.608Z,931,81681
2018-01-03T20:53:57.601Z,2018-01-03T20:53:57.601Z,931,81671
2018-01-03T11:13:43.018Z,2018-01-03T11:13:43.018Z,931,81521
2018-01-03T10:53:29.544Z,2018-01-03T10:53:29.544Z,931,81501
2018-01-03T10:43:51.514Z,2018-01-03T10:43:51.514Z,931,81491
2018-01-03T10:42:56.012Z,2018-01-03T10:42:56.012Z,931,81481
2018-01-03T10:42:36.129Z,2018-01-03T10:42:36.129Z,931,81471
2018-01-03T10:27:30.498Z,2018-01-03T10:27:30.498Z,931,81461
2018-01-03T10:27:29.404Z,2018-01-03T10:27:29.404Z,931,81451
2018-01-03T10:11:35.606Z,2018-01-03T10:14:30.919Z,931,81441
2018-01-03T10:11:34.397Z,2018-01-03T10:13:56.615Z,931,81431
2018-01-03T10:11:07.414Z,2018-01-03T10:13:33.522Z,931,81421
2018-02-21T11:27:40.824Z,2018-02-21T11:27:40.824Z,1025,101491
2018-02-05T15:09:13.729Z,2018-02-05T15:09:13.729Z,1025,91631
2018-03-08T11:34:32.684Z,2018-03-08T11:34:56.873Z,1094,103261
2018-04-03T16:29:55.232Z,2018-04-03T16:29:55.232Z,1114,110341
2018-03-29T09:09:04.450Z,2018-03-29T09:10:00.700Z,1114,109831
2018-03-29T08:59:04.625Z,2018-03-29T09:00:27.564Z,1114,109821
2018-03-29T07:38:52.120Z,2018-03-29T07:40:51.217Z,1114,109791
2018-03-29T07:07:39.550Z,2018-03-29T07:07:39.550Z,1114,109781
2018-03-15T13:07:46.240Z,2018-03-29T07:05:51.820Z,1114,105711
2018-03-15T15:40:39.928Z,2018-03-29T07:05:21.922Z,1114,105771
2018-03-27T14:37:12.812Z,2018-03-27T14:37:12.812Z,1114,109351
2018-03-27T12:35:33.752Z,2018-03-27T12:35:33.752Z,1114,109301
2018-03-26T18:10:52.714Z,2018-03-26T18:10:52.714Z,1114,109221
2018-03-26T13:43:23.354Z,2018-03-26T13:43:23.354Z,1114,109181
2018-03-23T17:00:36.061Z,2018-03-23T17:00:36.061Z,1114,108831
2018-03-22T12:49:13.241Z,2018-03-22T12:49:13.241Z,1114,108621
2018-03-22T12:48:25.926Z,2018-03-22T12:48:25.926Z,1114,108611
2018-03-22T09:51:29.042Z,2018-03-22T09:51:29.042Z,1114,108591
2018-03-21T22:20:16.566Z,2018-03-21T22:20:16.566Z,1114,108531
2018-03-21T21:07:53.905Z,2018-03-21T21:07:53.905Z,1114,108511
2018-03-21T14:57:17.231Z,2018-03-21T14:57:17.231Z,1114,108441
2018-03-21T14:56:47.937Z,2018-03-21T14:56:47.937Z,1114,108431
2018-03-21T14:45:06.237Z,2018-03-21T14:45:06.237Z,1114,108421
2018-03-21T14:44:35.624Z,2018-03-21T14:44:35.624Z,1114,108411
2018-03-21T14:43:29.327Z,2018-03-21T14:43:29.327Z,1114,108401
2018-03-21T14:41:12.332Z,2018-03-21T14:41:12.332Z,1114,108391
2018-03-21T14:26:00.108Z,2018-03-21T14:26:00.108Z,1114,108331
2018-03-21T14:23:16.753Z,2018-03-21T14:23:16.753Z,1114,108291
2018-03-21T14:10:56.913Z,2018-03-21T14:10:56.913Z,1114,108131
2018-03-21T09:47:53.828Z,2018-03-21T09:47:53.828Z,1114,107631
2018-03-21T09:42:02.628Z,2018-03-21T09:42:02.628Z,1114,107581
2018-03-21T09:41:45.429Z,2018-03-21T09:41:45.429Z,1114,107571
2018-03-20T15:21:12.113Z,2018-03-20T15:21:12.113Z,1114,107381
2018-03-20T14:32:02.938Z,2018-03-20T14:32:02.938Z,1114,107361
2018-03-20T14:19:44.840Z,2018-03-20T14:19:44.840Z,1114,107351
2018-03-20T14:06:03.537Z,2018-03-20T14:06:03.537Z,1114,107341
2018-03-20T14:05:06.212Z,2018-03-20T14:05:06.212Z,1114,107331
2018-03-20T14:04:27.232Z,2018-03-20T14:04:27.232Z,1114,107321
2018-03-20T13:34:54.024Z,2018-03-20T13:34:54.024Z,1114,107301
2018-03-20T08:56:44.817Z,2018-03-20T08:56:44.817Z,1114,107251
2018-03-20T08:22:54.140Z,2018-03-20T08:22:54.140Z,1114,107241
2018-03-19T18:08:28.534Z,2018-03-19T18:08:28.534Z,1114,107171
2018-03-19T18:03:08.841Z,2018-03-19T18:03:08.841Z,1114,107141
2018-03-19T17:57:04.931Z,2018-03-19T17:57:04.931Z,1114,107121
2018-03-19T16:32:23.928Z,2018-03-19T16:32:23.928Z,1114,107111
2018-03-19T13:59:15.933Z,2018-03-19T13:59:15.933Z,1114,107091
2018-03-19T13:59:09.235Z,2018-03-19T13:59:09.235Z,1114,107081
2018-03-19T13:57:56.840Z,2018-03-19T13:57:56.840Z,1114,107071
2018-03-19T13:08:12.261Z,2018-03-19T13:08:12.261Z,1114,107061
2018-03-19T08:51:07.933Z,2018-03-19T08:51:07.933Z,1114,106991
2018-03-16T16:51:22.126Z,2018-03-16T16:51:22.126Z,1114,106751
2018-03-16T16:11:53.929Z,2018-03-16T16:11:53.929Z,1114,106741
2018-03-16T15:59:16.331Z,2018-03-16T15:59:16.331Z,1114,106731
2018-03-16T15:57:14.337Z,2018-03-16T15:57:14.337Z,1114,106721
2018-03-16T15:50:40.524Z,2018-03-16T15:50:40.524Z,1114,106711
2018-03-16T15:49:41.431Z,2018-03-16T15:49:41.431Z,1114,106701
2018-03-16T15:48:24.836Z,2018-03-16T15:48:24.836Z,1114,106691
2018-03-16T15:47:34.029Z,2018-03-16T15:47:34.029Z,1114,106681
2018-03-16T15:47:04.267Z,2018-03-16T15:47:04.267Z,1114,106671
2018-03-16T15:46:11.829Z,2018-03-16T15:46:11.829Z,1114,106661
2018-03-16T15:44:26.626Z,2018-03-16T15:44:26.626Z,1114,106651
2018-03-16T15:37:42.635Z,2018-03-16T15:37:42.635Z,1114,106641
2018-03-16T15:37:23.224Z,2018-03-16T15:37:23.224Z,1114,106631
2018-03-16T15:28:45.065Z,2018-03-16T15:28:45.065Z,1114,106621
2018-03-16T12:07:08.227Z,2018-03-16T12:07:08.227Z,1114,106541
2018-03-16T12:01:26.825Z,2018-03-16T12:01:26.825Z,1114,106531
2018-03-16T12:01:01.328Z,2018-03-16T12:01:01.328Z,1114,106521
2018-03-16T12:00:38.444Z,2018-03-16T12:00:38.444Z,1114,106511
2018-03-16T12:00:08.030Z,2018-03-16T12:00:08.030Z,1114,106501
2018-03-16T11:59:30.057Z,2018-03-16T11:59:30.057Z,1114,106491
2018-03-16T11:59:02.531Z,2018-03-16T11:59:02.531Z,1114,106481
2018-03-16T11:57:57.030Z,2018-03-16T11:57:57.030Z,1114,106471
2018-03-16T11:47:29.532Z,2018-03-16T11:47:29.532Z,1114,106461
2018-03-16T11:45:53.625Z,2018-03-16T11:45:53.625Z,1114,106451
2018-03-16T11:43:58.000Z,2018-03-16T11:43:58.000Z,1114,106441
2018-03-16T11:43:15.033Z,2018-03-16T11:43:15.033Z,1114,106431
2018-03-16T11:41:05.336Z,2018-03-16T11:41:05.336Z,1114,106421
2018-03-16T11:40:08.828Z,2018-03-16T11:40:08.828Z,1114,106411
2018-03-16T11:38:51.527Z,2018-03-16T11:38:51.527Z,1114,106401
2018-03-16T11:34:57.250Z,2018-03-16T11:34:57.250Z,1114,106391
2018-03-16T11:33:35.162Z,2018-03-16T11:33:35.162Z,1114,106381
2018-03-16T11:31:50.056Z,2018-03-16T11:31:50.056Z,1114,106371
2018-03-16T11:27:36.430Z,2018-03-16T11:27:36.430Z,1114,106361
2018-03-16T11:26:44.556Z,2018-03-16T11:26:44.556Z,1114,106351
2018-03-16T11:25:14.260Z,2018-03-16T11:25:14.260Z,1114,106341
2018-03-16T11:22:58.732Z,2018-03-16T11:22:58.732Z,1114,106331
2018-03-16T11:22:43.731Z,2018-03-16T11:22:43.731Z,1114,106321
2018-03-16T11:21:34.527Z,2018-03-16T11:21:34.527Z,1114,106311
2018-03-16T11:20:57.437Z,2018-03-16T11:20:57.437Z,1114,106301
2018-03-16T11:19:35.229Z,2018-03-16T11:19:35.229Z,1114,106291
2018-03-16T11:18:52.527Z,2018-03-16T11:18:52.527Z,1114,106281
2018-03-16T11:12:24.140Z,2018-03-16T11:12:24.140Z,1114,106271
2018-03-16T11:08:33.230Z,2018-03-16T11:08:33.230Z,1114,106261
2018-03-16T11:07:44.722Z,2018-03-16T11:07:44.722Z,1114,106251
2018-03-16T11:06:52.260Z,2018-03-16T11:06:52.260Z,1114,106241
2018-03-16T11:02:44.529Z,2018-03-16T11:02:44.529Z,1114,106231
2018-03-16T11:02:13.831Z,2018-03-16T11:02:13.831Z,1114,106221
2018-03-16T11:00:58.288Z,2018-03-16T11:00:58.288Z,1114,106201
2018-03-16T11:00:01.238Z,2018-03-16T11:00:01.238Z,1114,106191
2018-03-16T10:58:58.031Z,2018-03-16T10:58:58.031Z,1114,106181
2018-03-16T10:57:59.940Z,2018-03-16T10:57:59.940Z,1114,106171
2018-03-16T10:57:09.874Z,2018-03-16T10:57:09.874Z,1114,106161
2018-03-16T10:56:11.528Z,2018-03-16T10:56:11.528Z,1114,106151
2018-03-16T10:55:09.505Z,2018-03-16T10:55:09.505Z,1114,106141
2018-03-16T10:54:30.727Z,2018-03-16T10:54:30.727Z,1114,106131
2018-03-16T10:53:57.337Z,2018-03-16T10:53:57.337Z,1114,106121
2018-03-16T10:53:12.427Z,2018-03-16T10:53:12.427Z,1114,106111
2018-03-16T10:52:08.437Z,2018-03-16T10:52:08.437Z,1114,106101
2018-03-16T10:49:59.627Z,2018-03-16T10:49:59.627Z,1114,106091
2018-03-16T10:48:54.427Z,2018-03-16T10:48:54.427Z,1114,106081
2018-03-16T10:45:35.741Z,2018-03-16T10:45:35.741Z,1114,106071
2018-03-16T10:43:15.630Z,2018-03-16T10:43:15.630Z,1114,106061
2018-03-16T10:42:52.527Z,2018-03-16T10:42:52.527Z,1114,106051
2018-03-16T10:40:47.529Z,2018-03-16T10:40:47.529Z,1114,106041
2018-03-16T10:39:39.831Z,2018-03-16T10:39:39.831Z,1114,106031
2018-03-16T10:38:54.199Z,2018-03-16T10:38:54.199Z,1114,106021
2018-03-16T10:37:06.383Z,2018-03-16T10:37:06.383Z,1114,106011
2018-03-16T10:35:52.236Z,2018-03-16T10:35:52.236Z,1114,106001
2018-03-16T10:35:14.661Z,2018-03-16T10:35:14.661Z,1114,105991
2018-03-16T10:34:32.342Z,2018-03-16T10:34:32.342Z,1114,105981
2018-03-16T10:32:46.630Z,2018-03-16T10:32:46.630Z,1114,105971
2018-03-16T10:31:42.736Z,2018-03-16T10:31:42.736Z,1114,105961
2018-03-16T10:29:56.330Z,2018-03-16T10:29:56.330Z,1114,105951
2018-03-16T10:28:44.645Z,2018-03-16T10:28:44.645Z,1114,105941
2018-03-16T10:28:07.048Z,2018-03-16T10:28:07.048Z,1114,105931
2018-03-16T10:26:31.029Z,2018-03-16T10:26:31.029Z,1114,105921
2018-03-16T10:26:08.832Z,2018-03-16T10:26:08.832Z,1114,105911
2018-03-16T10:25:16.483Z,2018-03-16T10:25:16.483Z,1114,105901
2018-03-16T10:24:07.237Z,2018-03-16T10:24:07.237Z,1114,105891
2018-03-16T10:22:31.343Z,2018-03-16T10:22:31.343Z,1114,105881
2018-03-16T10:20:30.050Z,2018-03-16T10:20:30.050Z,1114,105871
2018-03-16T09:42:46.944Z,2018-03-16T09:42:46.944Z,1114,105861
2018-03-16T09:41:55.960Z,2018-03-16T09:41:55.960Z,1114,105851
2018-03-15T16:01:18.538Z,2018-03-15T16:01:18.538Z,1114,105791
2018-03-15T14:19:34.057Z,2018-03-15T14:20:37.612Z,1114,105731
2018-03-15T13:35:04.355Z,2018-03-15T13:36:35.243Z,1114,105721
2018-03-15T12:43:25.059Z,2018-03-15T12:45:02.214Z,1114,105691
2018-03-15T12:41:17.534Z,2018-03-15T12:41:17.534Z,1114,105681
2018-03-15T12:41:06.059Z,2018-03-15T12:41:06.059Z,1114,105671
2018-03-15T11:50:56.348Z,2018-03-15T11:51:35.715Z,1114,105651
2018-03-15T11:48:10.739Z,2018-03-15T11:48:10.739Z,1114,105641
2018-03-15T11:36:09.127Z,2018-03-15T11:36:09.127Z,1114,105631
2018-03-15T10:15:54.302Z,2018-03-15T10:21:24.502Z,1114,105621
2018-03-15T10:05:20.749Z,2018-03-15T10:05:20.749Z,1114,105611
2018-03-15T10:02:39.794Z,2018-03-15T10:02:39.794Z,1114,105601
2018-03-30T14:12:35.620Z,2018-03-30T14:12:35.620Z,1169,109971
2018-03-30T14:12:21.765Z,2018-03-30T14:12:21.765Z,1169,109961
2018-03-30T14:12:09.752Z,2018-03-30T14:12:09.752Z,1169,109951
